"year","week","zone","spp","mosq_L","trap_L"
2014,30,"FC","Pipiens",564,43
2014,30,"FC","Tarsalis",6528,43
2014,30,"LV","Pipiens",57,10
2014,30,"LV","Tarsalis",1255,10
2014,30,"NE","Pipiens",189,10
2014,30,"NE","Tarsalis",2196,10
2014,30,"NW","Pipiens",64,9
2014,30,"NW","Tarsalis",824,9
2014,30,"SE","Pipiens",287,15
2014,30,"SE","Tarsalis",3077,15
2014,30,"SW","Pipiens",24,9
2014,30,"SW","Tarsalis",431,9
2015,24,"FC","Pipiens",35,43
2015,24,"FC","Tarsalis",256,43
2015,24,"LV","Pipiens",0,6
2015,24,"LV","Tarsalis",68,6
2015,24,"NE","Pipiens",10,10
2015,24,"NE","Tarsalis",121,10
2015,24,"NW","Pipiens",8,9
2015,24,"NW","Tarsalis",19,9
2015,24,"SE","Pipiens",5,15
2015,24,"SE","Tarsalis",78,15
2015,24,"SW","Pipiens",12,9
2015,24,"SW","Tarsalis",38,9
2015,25,"FC","Pipiens",65,43
2015,25,"FC","Tarsalis",1965,43
2015,25,"LV","Pipiens",0,6
2015,25,"LV","Tarsalis",1482,6
2015,25,"NE","Pipiens",36,10
2015,25,"NE","Tarsalis",577,10
2015,25,"NW","Pipiens",8,9
2015,25,"NW","Tarsalis",192,9
2015,25,"SE","Pipiens",16,15
2015,25,"SE","Tarsalis",1039,15
2015,25,"SW","Pipiens",5,9
2015,25,"SW","Tarsalis",157,9
2015,26,"FC","Pipiens",104,43
2015,26,"FC","Tarsalis",2162,43
2015,26,"LV","Pipiens",14,6
2015,26,"LV","Tarsalis",587,6
2015,26,"NE","Pipiens",20,10
2015,26,"NE","Tarsalis",776,10
2015,26,"NW","Pipiens",25,9
2015,26,"NW","Tarsalis",290,9
2015,26,"SE","Pipiens",52,15
2015,26,"SE","Tarsalis",1006,15
2015,26,"SW","Pipiens",7,9
2015,26,"SW","Tarsalis",90,9
2015,27,"FC","Pipiens",191,43
2015,27,"FC","Tarsalis",1397,43
2015,27,"LV","Pipiens",15,6
2015,27,"LV","Tarsalis",1224,6
2015,27,"NE","Pipiens",92,10
2015,27,"NE","Tarsalis",482,10
2015,27,"NW","Pipiens",51,9
2015,27,"NW","Tarsalis",107,9
2015,27,"SE","Pipiens",38,15
2015,27,"SE","Tarsalis",747,15
2015,27,"SW","Pipiens",10,9
2015,27,"SW","Tarsalis",61,9
2015,28,"FC","Pipiens",288,43
2015,28,"FC","Tarsalis",3341,43
2015,28,"LV","Pipiens",24,6
2015,28,"LV","Tarsalis",1370,6
2015,28,"NE","Pipiens",84,10
2015,28,"NE","Tarsalis",1137,10
2015,28,"NW","Pipiens",68,9
2015,28,"NW","Tarsalis",235,9
2015,28,"SE","Pipiens",113,15
2015,28,"SE","Tarsalis",1886,15
2015,28,"SW","Pipiens",23,9
2015,28,"SW","Tarsalis",83,9
2015,29,"FC","Pipiens",396,43
2015,29,"FC","Tarsalis",3298,43
2015,29,"LV","Pipiens",30,6
2015,29,"LV","Tarsalis",1089,6
2015,29,"NE","Pipiens",95,10
2015,29,"NE","Tarsalis",918,10
2015,29,"NW","Pipiens",103,9
2015,29,"NW","Tarsalis",413,9
2015,29,"SE","Pipiens",149,15
2015,29,"SE","Tarsalis",1623,15
2015,29,"SW","Pipiens",49,9
2015,29,"SW","Tarsalis",344,9
2015,30,"FC","Pipiens",483,43
2015,30,"FC","Tarsalis",4799,43
2015,30,"LV","Pipiens",15,6
2015,30,"LV","Tarsalis",1303,6
2015,30,"NE","Pipiens",130,10
2015,30,"NE","Tarsalis",1780,10
2015,30,"NW","Pipiens",105,9
2015,30,"NW","Tarsalis",680,9
2015,30,"SE","Pipiens",210,15
2015,30,"SE","Tarsalis",2012,15
2015,30,"SW","Pipiens",38,9
2015,30,"SW","Tarsalis",327,9
2015,31,"FC","Pipiens",465,43
2015,31,"FC","Tarsalis",2822,43
2015,31,"LV","Pipiens",15,6
2015,31,"LV","Tarsalis",499,6
2015,31,"NE","Pipiens",163,10
2015,31,"NE","Tarsalis",1388,10
2015,31,"NW","Pipiens",93,9
2015,31,"NW","Tarsalis",416,9
2015,31,"SE","Pipiens",142,15
2015,31,"SE","Tarsalis",740,15
2015,31,"SW","Pipiens",67,9
2015,31,"SW","Tarsalis",278,9
2015,32,"FC","Pipiens",369,43
2015,32,"FC","Tarsalis",1219,43
2015,32,"LV","Pipiens",22,6
2015,32,"LV","Tarsalis",234,6
2015,32,"NE","Pipiens",114,10
2015,32,"NE","Tarsalis",569,10
2015,32,"NW","Pipiens",102,9
2015,32,"NW","Tarsalis",279,9
2015,32,"SE","Pipiens",146,15
2015,32,"SE","Tarsalis",340,15
2015,32,"SW","Pipiens",7,9
2015,32,"SW","Tarsalis",31,9
2015,33,"FC","Pipiens",318,43
2015,33,"FC","Tarsalis",313,43
2015,33,"LV","Pipiens",23,6
2015,33,"LV","Tarsalis",76,6
2015,33,"NE","Pipiens",141,10
2015,33,"NE","Tarsalis",127,10
2015,33,"NW","Pipiens",42,9
2015,33,"NW","Tarsalis",30,9
2015,33,"SE","Pipiens",111,15
2015,33,"SE","Tarsalis",132,15
2015,33,"SW","Pipiens",24,9
2015,33,"SW","Tarsalis",24,9
2015,34,"FC","Pipiens",376,43
2015,34,"FC","Tarsalis",408,43
2015,34,"LV","Pipiens",37,6
2015,34,"LV","Tarsalis",146,6
2015,34,"NE","Pipiens",101,10
2015,34,"NE","Tarsalis",72,10
2015,34,"NW","Pipiens",53,9
2015,34,"NW","Tarsalis",95,9
2015,34,"SE","Pipiens",189,15
2015,34,"SE","Tarsalis",162,15
2015,34,"SW","Pipiens",33,9
2015,34,"SW","Tarsalis",79,9
2015,35,"FC","Pipiens",365,43
2015,35,"FC","Tarsalis",252,43
2015,35,"LV","Pipiens",4,6
2015,35,"LV","Tarsalis",118,6
2015,35,"NE","Pipiens",141,10
2015,35,"NE","Tarsalis",113,10
2015,35,"NW","Pipiens",26,9
2015,35,"NW","Tarsalis",22,9
2015,35,"SE","Pipiens",187,15
2015,35,"SE","Tarsalis",72,15
2015,35,"SW","Pipiens",11,9
2015,35,"SW","Tarsalis",45,9
2015,37,"FC","Pipiens",218,43
2015,37,"FC","Tarsalis",40,43
2015,37,"NE","Pipiens",92,10
2015,37,"NE","Tarsalis",16,10
2015,37,"NW","Pipiens",18,9
2015,37,"NW","Tarsalis",12,9
2015,37,"SE","Pipiens",108,15
2015,37,"SE","Tarsalis",4,15
2015,37,"SW","Pipiens",0,9
2015,37,"SW","Tarsalis",8,9
2016,24,"FC","Pipiens",21,43
2016,24,"FC","Tarsalis",39,43
2016,24,"LV","Pipiens",4,6
2016,24,"LV","Tarsalis",43,6
2016,24,"NE","Pipiens",4,10
2016,24,"NE","Tarsalis",15,10
2016,24,"NW","Pipiens",7,9
2016,24,"NW","Tarsalis",3,9
2016,24,"SE","Pipiens",8,15
2016,24,"SE","Tarsalis",19,15
2016,24,"SW","Pipiens",2,9
2016,24,"SW","Tarsalis",2,9
2016,25,"FC","Pipiens",55,43
2016,25,"FC","Tarsalis",263,43
2016,25,"LV","Pipiens",2,6
2016,25,"LV","Tarsalis",316,6
2016,25,"NE","Pipiens",32,10
2016,25,"NE","Tarsalis",98,10
2016,25,"NW","Pipiens",8,9
2016,25,"NW","Tarsalis",17,9
2016,25,"SE","Pipiens",10,15
2016,25,"SE","Tarsalis",128,15
2016,25,"SW","Pipiens",5,9
2016,25,"SW","Tarsalis",20,9
2016,26,"FC","Pipiens",125,43
2016,26,"FC","Tarsalis",580,43
2016,26,"LV","Pipiens",3,6
2016,26,"LV","Tarsalis",369,6
2016,26,"NE","Pipiens",53,10
2016,26,"NE","Tarsalis",145,10
2016,26,"NW","Pipiens",22,9
2016,26,"NW","Tarsalis",38,9
2016,26,"SE","Pipiens",39,15
2016,26,"SE","Tarsalis",367,15
2016,26,"SW","Pipiens",11,9
2016,26,"SW","Tarsalis",30,9
2016,27,"FC","Pipiens",263,43
2016,27,"FC","Tarsalis",783,43
2016,27,"LV","Pipiens",17,6
2016,27,"LV","Tarsalis",177,6
2016,27,"NE","Pipiens",100,10
2016,27,"NE","Tarsalis",163,10
2016,27,"NW","Pipiens",65,9
2016,27,"NW","Tarsalis",47,9
2016,27,"SE","Pipiens",86,15
2016,27,"SE","Tarsalis",569,15
2016,27,"SW","Pipiens",12,9
2016,27,"SW","Tarsalis",4,9
2016,28,"FC","Pipiens",297,43
2016,28,"FC","Tarsalis",1659,43
2016,28,"LV","Pipiens",10,6
2016,28,"LV","Tarsalis",465,6
2016,28,"NE","Pipiens",88,10
2016,28,"NE","Tarsalis",579,10
2016,28,"NW","Pipiens",132,9
2016,28,"NW","Tarsalis",340,9
2016,28,"SE","Pipiens",48,15
2016,28,"SE","Tarsalis",663,15
2016,28,"SW","Pipiens",29,9
2016,28,"SW","Tarsalis",77,9
2016,29,"FC","Pipiens",314,43
2016,29,"FC","Tarsalis",1281,43
2016,29,"LV","Pipiens",15,6
2016,29,"LV","Tarsalis",376,6
2016,29,"NE","Pipiens",151,10
2016,29,"NE","Tarsalis",537,10
2016,29,"NW","Pipiens",106,9
2016,29,"NW","Tarsalis",310,9
2016,29,"SE","Pipiens",43,15
2016,29,"SE","Tarsalis",306,15
2016,29,"SW","Pipiens",14,9
2016,29,"SW","Tarsalis",128,9
2016,30,"FC","Pipiens",403,43
2016,30,"FC","Tarsalis",1561,43
2016,30,"LV","Pipiens",19,6
2016,30,"LV","Tarsalis",569,6
2016,30,"NE","Pipiens",136,10
2016,30,"NE","Tarsalis",430,10
2016,30,"NW","Pipiens",170,9
2016,30,"NW","Tarsalis",248,9
2016,30,"SE","Pipiens",73,15
2016,30,"SE","Tarsalis",725,15
2016,30,"SW","Pipiens",24,9
2016,30,"SW","Tarsalis",158,9
2016,31,"FC","Pipiens",584,43
2016,31,"FC","Tarsalis",1643,43
2016,31,"LV","Pipiens",23,6
2016,31,"LV","Tarsalis",355,6
2016,31,"NE","Pipiens",245,10
2016,31,"NE","Tarsalis",345,10
2016,31,"NW","Pipiens",199,9
2016,31,"NW","Tarsalis",324,9
2016,31,"SE","Pipiens",110,15
2016,31,"SE","Tarsalis",767,15
2016,31,"SW","Pipiens",30,9
2016,31,"SW","Tarsalis",207,9
2016,32,"FC","Pipiens",738,43
2016,32,"FC","Tarsalis",1494,43
2016,32,"LV","Pipiens",19,6
2016,32,"LV","Tarsalis",414,6
2016,32,"NE","Pipiens",321,10
2016,32,"NE","Tarsalis",634,10
2016,32,"NW","Pipiens",290,9
2016,32,"NW","Tarsalis",226,9
2016,32,"SE","Pipiens",95,15
2016,32,"SE","Tarsalis",495,15
2016,32,"SW","Pipiens",32,9
2016,32,"SW","Tarsalis",139,9
2016,33,"FC","Pipiens",762,43
2016,33,"FC","Tarsalis",1204,43
2016,33,"LV","Pipiens",16,6
2016,33,"LV","Tarsalis",289,6
2016,33,"NE","Pipiens",425,10
2016,33,"NE","Tarsalis",516,10
2016,33,"NW","Pipiens",221,9
2016,33,"NW","Tarsalis",209,9
2016,33,"SE","Pipiens",96,15
2016,33,"SE","Tarsalis",394,15
2016,33,"SW","Pipiens",20,9
2016,33,"SW","Tarsalis",85,9
2016,34,"FC","Pipiens",186,43
2016,34,"FC","Tarsalis",306,43
2016,34,"LV","Pipiens",32,8
2016,34,"LV","Tarsalis",153,8
2016,34,"NE","Pipiens",68,10
2016,34,"NE","Tarsalis",27,10
2016,34,"NW","Pipiens",60,9
2016,34,"NW","Tarsalis",87,9
2016,34,"SE","Pipiens",49,15
2016,34,"SE","Tarsalis",124,15
2016,34,"SW","Pipiens",9,9
2016,34,"SW","Tarsalis",68,9
2016,35,"FC","Pipiens",311,43
2016,35,"FC","Tarsalis",176,43
2016,35,"LV","Pipiens",8,6
2016,35,"LV","Tarsalis",53,6
2016,35,"NE","Pipiens",128,10
2016,35,"NE","Tarsalis",28,10
2016,35,"NW","Pipiens",111,9
2016,35,"NW","Tarsalis",25,9
2016,35,"SE","Pipiens",64,15
2016,35,"SE","Tarsalis",108,15
2016,35,"SW","Pipiens",8,9
2016,35,"SW","Tarsalis",15,9
2016,36,"FC","Pipiens",387,43
2016,36,"FC","Tarsalis",159,43
2016,36,"NE","Pipiens",218,10
2016,36,"NE","Tarsalis",38,10
2016,36,"NW","Pipiens",124,9
2016,36,"NW","Tarsalis",57,9
2016,36,"SE","Pipiens",33,15
2016,36,"SE","Tarsalis",35,15
2016,36,"SW","Pipiens",12,9
2016,36,"SW","Tarsalis",29,9
2016,37,"FC","Pipiens",277,43
2016,37,"FC","Tarsalis",66,43
2016,37,"NE","Pipiens",79,10
2016,37,"NE","Tarsalis",25,10
2016,37,"NW","Pipiens",179,9
2016,37,"NW","Tarsalis",18,9
2016,37,"SE","Pipiens",15,15
2016,37,"SE","Tarsalis",17,15
2016,37,"SW","Pipiens",4,9
2016,37,"SW","Tarsalis",6,9
2017,24,"BE","Pipiens",0,4
2017,24,"BE","Tarsalis",33,4
2017,24,"FC","Pipiens",14,43
2017,24,"FC","Tarsalis",117,43
2017,24,"LV","Pipiens",1,6
2017,24,"LV","Tarsalis",50,6
2017,24,"NE","Pipiens",4,10
2017,24,"NE","Tarsalis",28,10
2017,24,"NW","Pipiens",4,9
2017,24,"NW","Tarsalis",19,9
2017,24,"SE","Pipiens",4,15
2017,24,"SE","Tarsalis",65,15
2017,24,"SW","Pipiens",2,9
2017,24,"SW","Tarsalis",5,9
2017,25,"BE","Pipiens",2,4
2017,25,"BE","Tarsalis",314,4
2017,25,"FC","Pipiens",18,43
2017,25,"FC","Tarsalis",264,43
2017,25,"LV","Pipiens",1,6
2017,25,"LV","Tarsalis",165,6
2017,25,"NE","Pipiens",2,10
2017,25,"NE","Tarsalis",38,10
2017,25,"NW","Pipiens",3,9
2017,25,"NW","Tarsalis",10,9
2017,25,"SE","Pipiens",7,15
2017,25,"SE","Tarsalis",198,15
2017,25,"SW","Pipiens",6,9
2017,25,"SW","Tarsalis",18,9
2017,26,"BE","Pipiens",0,4
2017,26,"BE","Tarsalis",116,4
2017,26,"FC","Pipiens",70,43
2017,26,"FC","Tarsalis",839,43
2017,26,"LV","Pipiens",5,6
2017,26,"LV","Tarsalis",234,6
2017,26,"NE","Pipiens",20,10
2017,26,"NE","Tarsalis",79,10
2017,26,"NW","Pipiens",25,9
2017,26,"NW","Tarsalis",76,9
2017,26,"SE","Pipiens",21,15
2017,26,"SE","Tarsalis",638,15
2017,26,"SW","Pipiens",4,9
2017,26,"SW","Tarsalis",46,9
2017,27,"BE","Pipiens",4,4
2017,27,"BE","Tarsalis",234,4
2017,27,"FC","Pipiens",47,43
2017,27,"FC","Tarsalis",875,43
2017,27,"LV","Pipiens",4,6
2017,27,"LV","Tarsalis",280,6
2017,27,"NE","Pipiens",20,10
2017,27,"NE","Tarsalis",309,10
2017,27,"NW","Pipiens",12,9
2017,27,"NW","Tarsalis",89,9
2017,27,"SE","Pipiens",12,15
2017,27,"SE","Tarsalis",462,15
2017,27,"SW","Pipiens",3,9
2017,27,"SW","Tarsalis",15,9
2017,28,"BE","Pipiens",2,4
2017,28,"BE","Tarsalis",469,4
2017,28,"FC","Pipiens",151,43
2017,28,"FC","Tarsalis",3987,43
2017,28,"LV","Pipiens",10,6
2017,28,"LV","Tarsalis",350,6
2017,28,"NE","Pipiens",13,10
2017,28,"NE","Tarsalis",330,10
2017,28,"NW","Pipiens",18,9
2017,28,"NW","Tarsalis",111,9
2017,28,"SE","Pipiens",110,15
2017,28,"SE","Tarsalis",3503,15
2017,28,"SW","Pipiens",10,9
2017,28,"SW","Tarsalis",43,9
2017,29,"BE","Pipiens",19,4
2017,29,"BE","Tarsalis",388,4
2017,29,"FC","Pipiens",88,43
2017,29,"FC","Tarsalis",2857,43
2017,29,"LV","Pipiens",13,6
2017,29,"LV","Tarsalis",593,6
2017,29,"NE","Pipiens",38,10
2017,29,"NE","Tarsalis",932,10
2017,29,"NW","Pipiens",10,9
2017,29,"NW","Tarsalis",216,9
2017,29,"SE","Pipiens",36,15
2017,29,"SE","Tarsalis",1600,15
2017,29,"SW","Pipiens",4,9
2017,29,"SW","Tarsalis",109,9
2017,30,"BE","Pipiens",2,4
2017,30,"BE","Tarsalis",25,4
2017,30,"FC","Pipiens",176,43
2017,30,"FC","Tarsalis",2100,43
2017,30,"LV","Pipiens",11,6
2017,30,"LV","Tarsalis",1077,6
2017,30,"NE","Pipiens",97,10
2017,30,"NE","Tarsalis",599,10
2017,30,"NW","Pipiens",40,9
2017,30,"NW","Tarsalis",290,9
2017,30,"SE","Pipiens",20,15
2017,30,"SE","Tarsalis",1118,15
2017,30,"SW","Pipiens",19,9
2017,30,"SW","Tarsalis",93,9
2017,31,"BE","Pipiens",11,4
2017,31,"BE","Tarsalis",154,4
2017,31,"FC","Pipiens",177,43
2017,31,"FC","Tarsalis",1409,43
2017,31,"LV","Pipiens",11,6
2017,31,"LV","Tarsalis",505,6
2017,31,"NE","Pipiens",45,10
2017,31,"NE","Tarsalis",237,10
2017,31,"NW","Pipiens",46,9
2017,31,"NW","Tarsalis",158,9
2017,31,"SE","Pipiens",71,15
2017,31,"SE","Tarsalis",865,15
2017,31,"SW","Pipiens",15,9
2017,31,"SW","Tarsalis",149,9
2017,32,"BE","Pipiens",4,4
2017,32,"BE","Tarsalis",105,4
2017,32,"FC","Pipiens",292,43
2017,32,"FC","Tarsalis",559,43
2017,32,"LV","Pipiens",4,6
2017,32,"LV","Tarsalis",130,6
2017,32,"NE","Pipiens",127,10
2017,32,"NE","Tarsalis",122,10
2017,32,"NW","Pipiens",95,9
2017,32,"NW","Tarsalis",73,9
2017,32,"SE","Pipiens",61,15
2017,32,"SE","Tarsalis",336,15
2017,32,"SW","Pipiens",9,9
2017,32,"SW","Tarsalis",28,9
2017,33,"BE","Pipiens",15,4
2017,33,"BE","Tarsalis",56,4
2017,33,"FC","Pipiens",251,43
2017,33,"FC","Tarsalis",386,43
2017,33,"LV","Pipiens",14,6
2017,33,"LV","Tarsalis",129,6
2017,33,"NE","Pipiens",104,10
2017,33,"NE","Tarsalis",114,10
2017,33,"NW","Pipiens",79,9
2017,33,"NW","Tarsalis",78,9
2017,33,"SE","Pipiens",53,15
2017,33,"SE","Tarsalis",145,15
2017,33,"SW","Pipiens",15,9
2017,33,"SW","Tarsalis",49,9
2017,34,"BE","Pipiens",28,4
2017,34,"BE","Tarsalis",95,4
2017,34,"FC","Pipiens",229,43
2017,34,"FC","Tarsalis",418,43
2017,34,"LV","Pipiens",14,6
2017,34,"LV","Tarsalis",185,6
2017,34,"NE","Pipiens",66,10
2017,34,"NE","Tarsalis",77,10
2017,34,"NW","Pipiens",66,9
2017,34,"NW","Tarsalis",67,9
2017,34,"SE","Pipiens",90,15
2017,34,"SE","Tarsalis",218,15
2017,34,"SW","Pipiens",7,9
2017,34,"SW","Tarsalis",56,9
2017,35,"BE","Pipiens",0,4
2017,35,"BE","Tarsalis",6,4
2017,35,"FC","Pipiens",191,43
2017,35,"FC","Tarsalis",259,43
2017,35,"LV","Pipiens",6,6
2017,35,"LV","Tarsalis",55,6
2017,35,"NE","Pipiens",116,10
2017,35,"NE","Tarsalis",98,10
2017,35,"NW","Pipiens",24,9
2017,35,"NW","Tarsalis",60,9
2017,35,"SE","Pipiens",48,15
2017,35,"SE","Tarsalis",85,15
2017,35,"SW","Pipiens",3,9
2017,35,"SW","Tarsalis",16,9
2017,36,"FC","Pipiens",116,43
2017,36,"FC","Tarsalis",67,43
2017,36,"LV","Pipiens",12,6
2017,36,"LV","Tarsalis",38,6
2017,36,"NE","Pipiens",47,10
2017,36,"NE","Tarsalis",14,10
2017,36,"NW","Pipiens",16,9
2017,36,"NW","Tarsalis",24,9
2017,36,"SE","Pipiens",49,15
2017,36,"SE","Tarsalis",13,15
2017,36,"SW","Pipiens",4,9
2017,36,"SW","Tarsalis",16,9
2018,24,"BE","Pipiens",0,4
2018,24,"BE","Tarsalis",93,4
2018,24,"FC","Pipiens",33,43
2018,24,"FC","Tarsalis",388,43
2018,24,"LV","Pipiens",0,6
2018,24,"LV","Tarsalis",121,6
2018,24,"NE","Pipiens",0,10
2018,24,"NE","Tarsalis",65,10
2018,24,"NW","Pipiens",18,9
2018,24,"NW","Tarsalis",76,9
2018,24,"SE","Pipiens",13,15
2018,24,"SE","Tarsalis",216,15
2018,24,"SW","Pipiens",2,9
2018,24,"SW","Tarsalis",31,9
2018,25,"BE","Pipiens",3,4
2018,25,"BE","Tarsalis",22,4
2018,25,"FC","Pipiens",45,43
2018,25,"FC","Tarsalis",330,43
2018,25,"LV","Pipiens",3,6
2018,25,"LV","Tarsalis",110,6
2018,25,"NE","Pipiens",9,10
2018,25,"NE","Tarsalis",22,10
2018,25,"NW","Pipiens",4,9
2018,25,"NW","Tarsalis",23,9
2018,25,"SE","Pipiens",28,15
2018,25,"SE","Tarsalis",260,15
2018,25,"SW","Pipiens",4,9
2018,25,"SW","Tarsalis",25,9
2018,26,"BE","Pipiens",5,4
2018,26,"BE","Tarsalis",191,4
2018,26,"FC","Pipiens",102,43
2018,26,"FC","Tarsalis",1102,43
2018,26,"LV","Pipiens",2,6
2018,26,"LV","Tarsalis",158,6
2018,26,"NE","Pipiens",25,10
2018,26,"NE","Tarsalis",152,10
2018,26,"NW","Pipiens",30,9
2018,26,"NW","Tarsalis",171,9
2018,26,"SE","Pipiens",35,15
2018,26,"SE","Tarsalis",540,15
2018,26,"SW","Pipiens",12,9
2018,26,"SW","Tarsalis",239,9
2018,27,"BE","Pipiens",10,4
2018,27,"BE","Tarsalis",355,4
2018,27,"FC","Pipiens",174,43
2018,27,"FC","Tarsalis",2135,43
2018,27,"LV","Pipiens",0,6
2018,27,"LV","Tarsalis",320,6
2018,27,"NE","Pipiens",21,10
2018,27,"NE","Tarsalis",729,10
2018,27,"NW","Pipiens",99,9
2018,27,"NW","Tarsalis",267,9
2018,27,"SE","Pipiens",54,15
2018,27,"SE","Tarsalis",912,15
2018,27,"SW","Pipiens",0,9
2018,27,"SW","Tarsalis",227,9
2018,28,"BE","Pipiens",10,4
2018,28,"BE","Tarsalis",997,4
2018,28,"FC","Pipiens",152,43
2018,28,"FC","Tarsalis",2639,43
2018,28,"LV","Pipiens",8,6
2018,28,"LV","Tarsalis",746,6
2018,28,"NE","Pipiens",48,10
2018,28,"NE","Tarsalis",857,10
2018,28,"NW","Pipiens",34,9
2018,28,"NW","Tarsalis",411,9
2018,28,"SE","Pipiens",63,15
2018,28,"SE","Tarsalis",1144,15
2018,28,"SW","Pipiens",7,9
2018,28,"SW","Tarsalis",227,9
2018,29,"BE","Pipiens",18,4
2018,29,"BE","Tarsalis",186,4
2018,29,"FC","Pipiens",114,43
2018,29,"FC","Tarsalis",1330,43
2018,29,"LV","Pipiens",6,6
2018,29,"LV","Tarsalis",228,6
2018,29,"NE","Pipiens",55,10
2018,29,"NE","Tarsalis",139,10
2018,29,"NW","Pipiens",40,9
2018,29,"NW","Tarsalis",316,9
2018,29,"SE","Pipiens",12,15
2018,29,"SE","Tarsalis",659,15
2018,29,"SW","Pipiens",7,9
2018,29,"SW","Tarsalis",216,9
2018,30,"BE","Pipiens",21,4
2018,30,"BE","Tarsalis",312,4
2018,30,"FC","Pipiens",285,43
2018,30,"FC","Tarsalis",1337,43
2018,30,"LV","Pipiens",0,6
2018,30,"LV","Tarsalis",205,6
2018,30,"NE","Pipiens",186,10
2018,30,"NE","Tarsalis",590,10
2018,30,"NW","Pipiens",70,9
2018,30,"NW","Tarsalis",341,9
2018,30,"SE","Pipiens",29,15
2018,30,"SE","Tarsalis",302,15
2018,30,"SW","Pipiens",0,9
2018,30,"SW","Tarsalis",104,9
2018,31,"BE","Pipiens",22,4
2018,31,"BE","Tarsalis",313,4
2018,31,"FC","Pipiens",767,43
2018,31,"FC","Tarsalis",1310,43
2018,31,"LV","Pipiens",28,6
2018,31,"LV","Tarsalis",126,6
2018,31,"NE","Pipiens",392,10
2018,31,"NE","Tarsalis",275,10
2018,31,"NW","Pipiens",91,9
2018,31,"NW","Tarsalis",258,9
2018,31,"SE","Pipiens",245,15
2018,31,"SE","Tarsalis",545,15
2018,31,"SW","Pipiens",39,9
2018,31,"SW","Tarsalis",232,9
2018,32,"BE","Pipiens",28,4
2018,32,"BE","Tarsalis",130,4
2018,32,"FC","Pipiens",979,43
2018,32,"FC","Tarsalis",1017,43
2018,32,"LV","Pipiens",17,6
2018,32,"LV","Tarsalis",114,6
2018,32,"NE","Pipiens",394,10
2018,32,"NE","Tarsalis",248,10
2018,32,"NW","Pipiens",286,9
2018,32,"NW","Tarsalis",279,9
2018,32,"SE","Pipiens",244,15
2018,32,"SE","Tarsalis",375,15
2018,32,"SW","Pipiens",55,9
2018,32,"SW","Tarsalis",115,9
2018,33,"BE","Pipiens",7,4
2018,33,"BE","Tarsalis",86,4
2018,33,"FC","Pipiens",1056,43
2018,33,"FC","Tarsalis",1475,43
2018,33,"LV","Pipiens",21,6
2018,33,"LV","Tarsalis",200,6
2018,33,"NE","Pipiens",742,10
2018,33,"NE","Tarsalis",694,10
2018,33,"NW","Pipiens",121,9
2018,33,"NW","Tarsalis",193,9
2018,33,"SE","Pipiens",143,15
2018,33,"SE","Tarsalis",429,15
2018,33,"SW","Pipiens",50,9
2018,33,"SW","Tarsalis",159,9
2018,34,"BE","Pipiens",1,4
2018,34,"BE","Tarsalis",40,4
2018,34,"FC","Pipiens",526,43
2018,34,"FC","Tarsalis",448,43
2018,34,"LV","Pipiens",45,6
2018,34,"LV","Tarsalis",43,6
2018,34,"NE","Pipiens",240,10
2018,34,"NE","Tarsalis",133,10
2018,34,"NW","Pipiens",90,9
2018,34,"NW","Tarsalis",99,9
2018,34,"SE","Pipiens",178,15
2018,34,"SE","Tarsalis",167,15
2018,34,"SW","Pipiens",18,9
2018,34,"SW","Tarsalis",49,9
2018,35,"BE","Pipiens",15,4
2018,35,"BE","Tarsalis",19,4
2018,35,"FC","Pipiens",509,43
2018,35,"FC","Tarsalis",357,43
2018,35,"LV","Pipiens",23,6
2018,35,"LV","Tarsalis",86,6
2018,35,"NE","Pipiens",352,10
2018,35,"NE","Tarsalis",142,10
2018,35,"NW","Pipiens",69,9
2018,35,"NW","Tarsalis",46,9
2018,35,"SE","Pipiens",79,15
2018,35,"SE","Tarsalis",150,15
2018,35,"SW","Pipiens",9,9
2018,35,"SW","Tarsalis",19,9
2018,36,"FC","Pipiens",590,43
2018,36,"FC","Tarsalis",196,43
2018,36,"NE","Pipiens",438,10
2018,36,"NE","Tarsalis",98,10
2018,36,"NW","Pipiens",88,9
2018,36,"NW","Tarsalis",38,9
2018,36,"SE","Pipiens",51,15
2018,36,"SE","Tarsalis",50,15
2018,36,"SW","Pipiens",13,9
2018,36,"SW","Tarsalis",10,9
2018,37,"FC","Pipiens",235,43
2018,37,"FC","Tarsalis",47,43
2018,37,"NE","Pipiens",181,10
2018,37,"NE","Tarsalis",21,10
2018,37,"NW","Pipiens",33,9
2018,37,"NW","Tarsalis",21,9
2018,37,"SE","Pipiens",21,15
2018,37,"SE","Tarsalis",0,15
2018,37,"SW","Pipiens",0,9
2018,37,"SW","Tarsalis",5,9
2019,24,"BE","Pipiens",0,4
2019,24,"BE","Tarsalis",5,4
2019,24,"FC","Pipiens",5,34
2019,24,"FC","Tarsalis",39,34
2019,24,"LV","Pipiens",0,6
2019,24,"LV","Tarsalis",27,6
2019,24,"NE","Pipiens",0,10
2019,24,"NE","Tarsalis",16,10
2019,24,"SE","Pipiens",0,15
2019,24,"SE","Tarsalis",23,15
2019,24,"SW","Pipiens",5,9
2019,24,"SW","Tarsalis",0,9
2019,25,"BE","Pipiens",0,4
2019,25,"BE","Tarsalis",4,4
2019,25,"FC","Pipiens",1,43
2019,25,"FC","Tarsalis",24,43
2019,25,"LV","Pipiens",0,6
2019,25,"LV","Tarsalis",12,6
2019,25,"NE","Pipiens",0,10
2019,25,"NE","Tarsalis",6,10
2019,25,"NW","Pipiens",1,9
2019,25,"NW","Tarsalis",2,9
2019,25,"SE","Pipiens",0,15
2019,25,"SE","Tarsalis",10,15
2019,25,"SW","Pipiens",0,9
2019,25,"SW","Tarsalis",6,9
2019,26,"BE","Pipiens",1,4
2019,26,"BE","Tarsalis",13,4
2019,26,"FC","Pipiens",7,43
2019,26,"FC","Tarsalis",189,43
2019,26,"LV","Pipiens",0,6
2019,26,"LV","Tarsalis",15,6
2019,26,"NE","Pipiens",0,10
2019,26,"NE","Tarsalis",9,10
2019,26,"NW","Pipiens",2,9
2019,26,"NW","Tarsalis",9,9
2019,26,"SE","Pipiens",5,15
2019,26,"SE","Tarsalis",161,15
2019,26,"SW","Pipiens",0,9
2019,26,"SW","Tarsalis",10,9
2019,27,"BE","Pipiens",0,4
2019,27,"BE","Tarsalis",168,4
2019,27,"FC","Pipiens",7,43
2019,27,"FC","Tarsalis",685,43
2019,27,"LV","Pipiens",0,6
2019,27,"LV","Tarsalis",277,6
2019,27,"NE","Pipiens",4,10
2019,27,"NE","Tarsalis",272,10
2019,27,"NW","Pipiens",0,9
2019,27,"NW","Tarsalis",34,9
2019,27,"SE","Pipiens",2,15
2019,27,"SE","Tarsalis",349,15
2019,27,"SW","Pipiens",1,9
2019,27,"SW","Tarsalis",30,9
2019,28,"BE","Pipiens",0,5
2019,28,"BE","Tarsalis",364,5
2019,28,"FC","Pipiens",48,43
2019,28,"FC","Tarsalis",1833,43
2019,28,"LV","Pipiens",5,6
2019,28,"LV","Tarsalis",426,6
2019,28,"NE","Pipiens",16,10
2019,28,"NE","Tarsalis",396,10
2019,28,"NW","Pipiens",0,9
2019,28,"NW","Tarsalis",99,9
2019,28,"SE","Pipiens",26,15
2019,28,"SE","Tarsalis",1200,15
2019,28,"SW","Pipiens",6,9
2019,28,"SW","Tarsalis",138,9
2019,29,"BE","Pipiens",7,5
2019,29,"BE","Tarsalis",302,5
2019,29,"FC","Pipiens",91,43
2019,29,"FC","Tarsalis",1781,43
2019,29,"LV","Pipiens",3,6
2019,29,"LV","Tarsalis",316,6
2019,29,"NE","Pipiens",44,10
2019,29,"NE","Tarsalis",665,10
2019,29,"NW","Pipiens",18,9
2019,29,"NW","Tarsalis",98,9
2019,29,"SE","Pipiens",29,15
2019,29,"SE","Tarsalis",902,15
2019,29,"SW","Pipiens",0,9
2019,29,"SW","Tarsalis",116,9
2019,30,"BE","Pipiens",33,5
2019,30,"BE","Tarsalis",321,5
2019,30,"FC","Pipiens",144,43
2019,30,"FC","Tarsalis",1581,43
2019,30,"LV","Pipiens",5,6
2019,30,"LV","Tarsalis",519,6
2019,30,"NE","Pipiens",24,10
2019,30,"NE","Tarsalis",356,10
2019,30,"NW","Pipiens",40,9
2019,30,"NW","Tarsalis",165,9
2019,30,"SE","Pipiens",48,15
2019,30,"SE","Tarsalis",883,15
2019,30,"SW","Pipiens",32,9
2019,30,"SW","Tarsalis",177,9
2019,31,"BE","Pipiens",38,5
2019,31,"BE","Tarsalis",414,5
2019,31,"FC","Pipiens",345,43
2019,31,"FC","Tarsalis",3566,43
2019,31,"LV","Pipiens",8,6
2019,31,"LV","Tarsalis",743,6
2019,31,"NE","Pipiens",125,10
2019,31,"NE","Tarsalis",1304,10
2019,31,"NW","Pipiens",85,9
2019,31,"NW","Tarsalis",539,9
2019,31,"SE","Pipiens",119,15
2019,31,"SE","Tarsalis",1506,15
2019,31,"SW","Pipiens",16,9
2019,31,"SW","Tarsalis",217,9
2019,32,"BE","Pipiens",24,5
2019,32,"BE","Tarsalis",403,5
2019,32,"FC","Pipiens",282,43
2019,32,"FC","Tarsalis",2674,43
2019,32,"LV","Pipiens",7,8
2019,32,"LV","Tarsalis",552,8
2019,32,"NE","Pipiens",61,10
2019,32,"NE","Tarsalis",992,10
2019,32,"NW","Pipiens",52,9
2019,32,"NW","Tarsalis",331,9
2019,32,"SE","Pipiens",134,15
2019,32,"SE","Tarsalis",1101,15
2019,32,"SW","Pipiens",35,9
2019,32,"SW","Tarsalis",250,9
2019,33,"BE","Pipiens",25,5
2019,33,"BE","Tarsalis",252,5
2019,33,"FC","Pipiens",316,43
2019,33,"FC","Tarsalis",2836,43
2019,33,"LV","Pipiens",12,7
2019,33,"LV","Tarsalis",256,7
2019,33,"NE","Pipiens",110,10
2019,33,"NE","Tarsalis",624,10
2019,33,"NW","Pipiens",38,9
2019,33,"NW","Tarsalis",354,9
2019,33,"SE","Pipiens",145,15
2019,33,"SE","Tarsalis",1546,15
2019,33,"SW","Pipiens",23,9
2019,33,"SW","Tarsalis",312,9
2019,34,"BE","Pipiens",12,5
2019,34,"BE","Tarsalis",77,5
2019,34,"FC","Pipiens",307,43
2019,34,"FC","Tarsalis",1130,43
2019,34,"LV","Pipiens",45,6
2019,34,"LV","Tarsalis",249,6
2019,34,"NE","Pipiens",132,10
2019,34,"NE","Tarsalis",361,10
2019,34,"NW","Pipiens",53,9
2019,34,"NW","Tarsalis",210,9
2019,34,"SE","Pipiens",111,15
2019,34,"SE","Tarsalis",426,15
2019,34,"SW","Pipiens",11,9
2019,34,"SW","Tarsalis",133,9
2019,35,"BE","Pipiens",13,5
2019,35,"BE","Tarsalis",77,5
2019,35,"FC","Pipiens",348,43
2019,35,"FC","Tarsalis",1225,43
2019,35,"LV","Pipiens",16,6
2019,35,"LV","Tarsalis",94,6
2019,35,"NE","Pipiens",129,10
2019,35,"NE","Tarsalis",502,10
2019,35,"NW","Pipiens",39,9
2019,35,"NW","Tarsalis",136,9
2019,35,"SE","Pipiens",158,15
2019,35,"SE","Tarsalis",361,15
2019,35,"SW","Pipiens",22,9
2019,35,"SW","Tarsalis",226,9
2019,36,"FC","Pipiens",350,43
2019,36,"FC","Tarsalis",1038,43
2019,36,"NE","Pipiens",187,10
2019,36,"NE","Tarsalis",309,10
2019,36,"NW","Pipiens",55,9
2019,36,"NW","Tarsalis",225,9
2019,36,"SE","Pipiens",85,15
2019,36,"SE","Tarsalis",375,15
2019,36,"SW","Pipiens",23,9
2019,36,"SW","Tarsalis",129,9
2019,37,"FC","Pipiens",247,43
2019,37,"FC","Tarsalis",154,43
2019,37,"NE","Pipiens",74,10
2019,37,"NE","Tarsalis",13,10
2019,37,"NW","Pipiens",32,9
2019,37,"NW","Tarsalis",24,9
2019,37,"SE","Pipiens",128,15
2019,37,"SE","Tarsalis",104,15
2019,37,"SW","Pipiens",13,9
2019,37,"SW","Tarsalis",13,9
2020,24,"BE","Pipiens",1,5
2020,24,"BE","Tarsalis",2,5
2020,24,"FC","Pipiens",12,43
2020,24,"FC","Tarsalis",26,43
2020,24,"LV","Pipiens",0,6
2020,24,"LV","Tarsalis",12,6
2020,24,"NE","Pipiens",2,10
2020,24,"NE","Tarsalis",8,10
2020,24,"NW","Pipiens",8,9
2020,24,"NW","Tarsalis",6,9
2020,24,"SE","Pipiens",2,15
2020,24,"SE","Tarsalis",2,15
2020,24,"SW","Pipiens",0,9
2020,24,"SW","Tarsalis",10,9
2020,25,"BE","Pipiens",0,6
2020,25,"BE","Tarsalis",11,6
2020,25,"FC","Pipiens",26,43
2020,25,"FC","Tarsalis",181,43
2020,25,"LV","Pipiens",6,6
2020,25,"LV","Tarsalis",38,6
2020,25,"NE","Pipiens",10,10
2020,25,"NE","Tarsalis",35,10
2020,25,"NW","Pipiens",1,9
2020,25,"NW","Tarsalis",20,9
2020,25,"SE","Pipiens",7,15
2020,25,"SE","Tarsalis",105,15
2020,25,"SW","Pipiens",8,9
2020,25,"SW","Tarsalis",21,9
2020,26,"BE","Pipiens",3,5
2020,26,"BE","Tarsalis",7,5
2020,26,"FC","Pipiens",44,43
2020,26,"FC","Tarsalis",291,43
2020,26,"LV","Pipiens",3,6
2020,26,"LV","Tarsalis",90,6
2020,26,"NE","Pipiens",9,10
2020,26,"NE","Tarsalis",38,10
2020,26,"NW","Pipiens",8,9
2020,26,"NW","Tarsalis",10,9
2020,26,"SE","Pipiens",15,15
2020,26,"SE","Tarsalis",211,15
2020,26,"SW","Pipiens",12,9
2020,26,"SW","Tarsalis",32,9
2020,27,"BE","Pipiens",6,5
2020,27,"BE","Tarsalis",43,5
2020,27,"FC","Pipiens",92,43
2020,27,"FC","Tarsalis",514,43
2020,27,"LV","Pipiens",8,6
2020,27,"LV","Tarsalis",162,6
2020,27,"NE","Pipiens",11,10
2020,27,"NE","Tarsalis",89,10
2020,27,"NW","Pipiens",36,9
2020,27,"NW","Tarsalis",21,9
2020,27,"SE","Pipiens",25,15
2020,27,"SE","Tarsalis",322,15
2020,27,"SW","Pipiens",20,9
2020,27,"SW","Tarsalis",82,9
2020,28,"BE","Pipiens",1,5
2020,28,"BE","Tarsalis",26,5
2020,28,"FC","Pipiens",104,43
2020,28,"FC","Tarsalis",710,43
2020,28,"LV","Pipiens",13,6
2020,28,"LV","Tarsalis",404,6
2020,28,"NE","Pipiens",34,10
2020,28,"NE","Tarsalis",218,10
2020,28,"NW","Pipiens",27,9
2020,28,"NW","Tarsalis",88,9
2020,28,"SE","Pipiens",29,15
2020,28,"SE","Tarsalis",263,15
2020,28,"SW","Pipiens",14,9
2020,28,"SW","Tarsalis",141,9
2020,29,"BE","Pipiens",6,6
2020,29,"BE","Tarsalis",17,6
2020,29,"FC","Pipiens",121,43
2020,29,"FC","Tarsalis",666,43
2020,29,"LV","Pipiens",16,6
2020,29,"LV","Tarsalis",208,6
2020,29,"NE","Pipiens",35,10
2020,29,"NE","Tarsalis",307,10
2020,29,"NW","Pipiens",31,9
2020,29,"NW","Tarsalis",44,9
2020,29,"SE","Pipiens",34,15
2020,29,"SE","Tarsalis",236,15
2020,29,"SW","Pipiens",21,9
2020,29,"SW","Tarsalis",79,9
2020,30,"BE","Pipiens",7,6
2020,30,"BE","Tarsalis",25,6
2020,30,"FC","Pipiens",145,43
2020,30,"FC","Tarsalis",1314,43
2020,30,"LV","Pipiens",10,6
2020,30,"LV","Tarsalis",201,6
2020,30,"NE","Pipiens",26,10
2020,30,"NE","Tarsalis",316,10
2020,30,"NW","Pipiens",34,9
2020,30,"NW","Tarsalis",186,9
2020,30,"SE","Pipiens",51,15
2020,30,"SE","Tarsalis",614,15
2020,30,"SW","Pipiens",34,9
2020,30,"SW","Tarsalis",198,9
2020,31,"BE","Pipiens",1,6
2020,31,"BE","Tarsalis",42,6
2020,31,"FC","Pipiens",422,43
2020,31,"FC","Tarsalis",1187,43
2020,31,"LV","Pipiens",13,6
2020,31,"LV","Tarsalis",553,6
2020,31,"NE","Pipiens",85,10
2020,31,"NE","Tarsalis",235,10
2020,31,"NW","Pipiens",82,9
2020,31,"NW","Tarsalis",93,9
2020,31,"SE","Pipiens",225,15
2020,31,"SE","Tarsalis",713,15
2020,31,"SW","Pipiens",30,9
2020,31,"SW","Tarsalis",146,9
2020,32,"BE","Pipiens",15,5
2020,32,"BE","Tarsalis",42,5
2020,32,"FC","Pipiens",527,43
2020,32,"FC","Tarsalis",1161,43
2020,32,"LV","Pipiens",8,6
2020,32,"LV","Tarsalis",81,6
2020,32,"NE","Pipiens",181,10
2020,32,"NE","Tarsalis",379,10
2020,32,"NW","Pipiens",64,9
2020,32,"NW","Tarsalis",130,9
2020,32,"SE","Pipiens",216,15
2020,32,"SE","Tarsalis",514,15
2020,32,"SW","Pipiens",66,9
2020,32,"SW","Tarsalis",138,9
2020,33,"BE","Pipiens",2,5
2020,33,"BE","Tarsalis",51,5
2020,33,"FC","Pipiens",657,43
2020,33,"FC","Tarsalis",1108,43
2020,33,"LV","Pipiens",14,6
2020,33,"LV","Tarsalis",257,6
2020,33,"NE","Pipiens",114,10
2020,33,"NE","Tarsalis",532,10
2020,33,"NW","Pipiens",71,9
2020,33,"NW","Tarsalis",134,9
2020,33,"SE","Pipiens",402,15
2020,33,"SE","Tarsalis",336,15
2020,33,"SW","Pipiens",70,9
2020,33,"SW","Tarsalis",106,9
2020,34,"BE","Pipiens",6,5
2020,34,"BE","Tarsalis",52,5
2020,34,"FC","Pipiens",641,43
2020,34,"FC","Tarsalis",934,43
2020,34,"LV","Pipiens",3,6
2020,34,"LV","Tarsalis",175,6
2020,34,"NE","Pipiens",174,10
2020,34,"NE","Tarsalis",381,10
2020,34,"NW","Pipiens",85,9
2020,34,"NW","Tarsalis",123,9
2020,34,"SE","Pipiens",316,15
2020,34,"SE","Tarsalis",381,15
2020,34,"SW","Pipiens",66,9
2020,34,"SW","Tarsalis",49,9
2020,35,"BE","Pipiens",5,5
2020,35,"BE","Tarsalis",32,5
2020,35,"FC","Pipiens",606,43
2020,35,"FC","Tarsalis",433,43
2020,35,"LV","Pipiens",7,6
2020,35,"LV","Tarsalis",82,6
2020,35,"NE","Pipiens",246,10
2020,35,"NE","Tarsalis",177,10
2020,35,"NW","Pipiens",131,9
2020,35,"NW","Tarsalis",36,9
2020,35,"SE","Pipiens",209,15
2020,35,"SE","Tarsalis",212,15
2020,35,"SW","Pipiens",20,9
2020,35,"SW","Tarsalis",8,9
2020,36,"FC","Pipiens",86,43
2020,36,"FC","Tarsalis",68,43
2020,36,"LV","Pipiens",33,6
2020,36,"LV","Tarsalis",21,6
2020,36,"NE","Pipiens",4,10
2020,36,"NE","Tarsalis",8,10
2020,36,"NW","Pipiens",36,9
2020,36,"NW","Tarsalis",34,9
2020,36,"SE","Pipiens",31,15
2020,36,"SE","Tarsalis",20,15
2020,36,"SW","Pipiens",15,9
2020,36,"SW","Tarsalis",6,9
2021,23,"BE","Pipiens",1,5
2021,23,"BE","Tarsalis",76,5
2021,23,"LV","Pipiens",1,6
2021,23,"LV","Tarsalis",117,6
2021,24,"BC","Pipiens",0,4
2021,24,"BC","Tarsalis",81,4
2021,24,"BE","Pipiens",1,5
2021,24,"BE","Tarsalis",223,5
2021,24,"LV","Pipiens",0,6
2021,24,"LV","Tarsalis",255,6
2021,25,"BC","Pipiens",0,6
2021,25,"BC","Tarsalis",87,6
2021,25,"BE","Pipiens",3,5
2021,25,"BE","Tarsalis",188,5
2021,25,"FC","Pipiens",56,43
2021,25,"FC","Tarsalis",707,43
2021,25,"LV","Pipiens",12,6
2021,25,"LV","Tarsalis",522,6
2021,25,"NE","Pipiens",12,10
2021,25,"NE","Tarsalis",105,10
2021,25,"NW","Pipiens",12,9
2021,25,"NW","Tarsalis",47,9
2021,25,"SE","Pipiens",31,15
2021,25,"SE","Tarsalis",502,15
2021,25,"SW","Pipiens",1,9
2021,25,"SW","Tarsalis",53,9
2021,26,"BC","Pipiens",0,5
2021,26,"BC","Tarsalis",26,5
2021,26,"BE","Pipiens",12,5
2021,26,"BE","Tarsalis",182,5
2021,26,"FC","Pipiens",206,43
2021,26,"FC","Tarsalis",1039,43
2021,26,"LV","Pipiens",49,6
2021,26,"LV","Tarsalis",1064,6
2021,26,"NE","Pipiens",49,10
2021,26,"NE","Tarsalis",417,10
2021,26,"NW","Pipiens",81,9
2021,26,"NW","Tarsalis",197,9
2021,26,"SE","Pipiens",62,15
2021,26,"SE","Tarsalis",315,15
2021,26,"SW","Pipiens",14,9
2021,26,"SW","Tarsalis",110,9
2021,27,"BC","Pipiens",0,5
2021,27,"BC","Tarsalis",155,5
2021,27,"BE","Pipiens",46,5
2021,27,"BE","Tarsalis",618,5
2021,27,"FC","Pipiens",310,43
2021,27,"FC","Tarsalis",2555,43
2021,27,"LV","Pipiens",29,6
2021,27,"LV","Tarsalis",2269,6
2021,27,"NE","Pipiens",95,10
2021,27,"NE","Tarsalis",1026,10
2021,27,"NW","Pipiens",132,9
2021,27,"NW","Tarsalis",549,9
2021,27,"SE","Pipiens",43,15
2021,27,"SE","Tarsalis",737,15
2021,27,"SW","Pipiens",40,9
2021,27,"SW","Tarsalis",243,9
2021,28,"BC","Pipiens",0,5
2021,28,"BC","Tarsalis",127,5
2021,28,"BE","Pipiens",79,5
2021,28,"BE","Tarsalis",650,5
2021,28,"FC","Pipiens",358,43
2021,28,"FC","Tarsalis",4310,43
2021,28,"LV","Pipiens",67,6
2021,28,"LV","Tarsalis",2789,6
2021,28,"NE","Pipiens",99,10
2021,28,"NE","Tarsalis",1218,10
2021,28,"NW","Pipiens",38,9
2021,28,"NW","Tarsalis",376,9
2021,28,"SE","Pipiens",197,15
2021,28,"SE","Tarsalis",2434,15
2021,28,"SW","Pipiens",24,9
2021,28,"SW","Tarsalis",282,9
2021,29,"BC","Pipiens",0,5
2021,29,"BC","Tarsalis",176,5
2021,29,"BE","Pipiens",22,5
2021,29,"BE","Tarsalis",492,5
2021,29,"FC","Pipiens",690,43
2021,29,"FC","Tarsalis",3805,43
2021,29,"LV","Pipiens",69,6
2021,29,"LV","Tarsalis",1162,6
2021,29,"NE","Pipiens",323,10
2021,29,"NE","Tarsalis",1145,10
2021,29,"NW","Pipiens",46,9
2021,29,"NW","Tarsalis",622,9
2021,29,"SE","Pipiens",303,15
2021,29,"SE","Tarsalis",1938,15
2021,29,"SW","Pipiens",18,9
2021,29,"SW","Tarsalis",100,9
2021,30,"BC","Pipiens",0,5
2021,30,"BC","Tarsalis",254,5
2021,30,"BE","Pipiens",107,5
2021,30,"BE","Tarsalis",993,5
2021,30,"FC","Pipiens",967,43
2021,30,"FC","Tarsalis",5075,43
2021,30,"LV","Pipiens",27,6
2021,30,"LV","Tarsalis",849,6
2021,30,"NE","Pipiens",341,10
2021,30,"NE","Tarsalis",1191,10
2021,30,"NW","Pipiens",119,9
2021,30,"NW","Tarsalis",609,9
2021,30,"SE","Pipiens",447,15
2021,30,"SE","Tarsalis",2712,15
2021,30,"SW","Pipiens",60,9
2021,30,"SW","Tarsalis",563,9
2021,31,"BC","Pipiens",0,5
2021,31,"BC","Tarsalis",237,5
2021,31,"BE","Pipiens",60,5
2021,31,"BE","Tarsalis",160,5
2021,31,"FC","Pipiens",1185,43
2021,31,"FC","Tarsalis",2217,43
2021,31,"LV","Pipiens",78,6
2021,31,"LV","Tarsalis",576,6
2021,31,"NE","Pipiens",833,10
2021,31,"NE","Tarsalis",993,10
2021,31,"NW","Pipiens",60,9
2021,31,"NW","Tarsalis",100,9
2021,31,"SE","Pipiens",240,15
2021,31,"SE","Tarsalis",1011,15
2021,31,"SW","Pipiens",52,9
2021,31,"SW","Tarsalis",113,9
2021,32,"BC","Pipiens",0,5
2021,32,"BC","Tarsalis",132,5
2021,32,"BE","Pipiens",78,5
2021,32,"BE","Tarsalis",140,5
2021,32,"FC","Pipiens",1366,43
2021,32,"FC","Tarsalis",1063,43
2021,32,"LV","Pipiens",53,6
2021,32,"LV","Tarsalis",411,6
2021,32,"NE","Pipiens",911,10
2021,32,"NE","Tarsalis",447,10
2021,32,"NW","Pipiens",102,9
2021,32,"NW","Tarsalis",95,9
2021,32,"SE","Pipiens",294,15
2021,32,"SE","Tarsalis",447,15
2021,32,"SW","Pipiens",59,9
2021,32,"SW","Tarsalis",74,9
2021,33,"BC","Pipiens",0,5
2021,33,"BC","Tarsalis",103,5
2021,33,"BE","Pipiens",29,5
2021,33,"BE","Tarsalis",132,5
2021,33,"FC","Pipiens",272,43
2021,33,"FC","Tarsalis",525,43
2021,33,"LV","Pipiens",112,6
2021,33,"LV","Tarsalis",291,6
2021,33,"NE","Pipiens",130,10
2021,33,"NE","Tarsalis",257,10
2021,33,"NW","Pipiens",44,9
2021,33,"NW","Tarsalis",129,9
2021,33,"SE","Pipiens",68,15
2021,33,"SE","Tarsalis",95,15
2021,33,"SW","Pipiens",30,9
2021,33,"SW","Tarsalis",44,9
2021,34,"BC","Pipiens",0,5
2021,34,"BC","Tarsalis",73,5
2021,34,"BE","Pipiens",28,5
2021,34,"BE","Tarsalis",112,5
2021,34,"FC","Pipiens",849,43
2021,34,"FC","Tarsalis",201,43
2021,34,"LV","Pipiens",72,6
2021,34,"LV","Tarsalis",147,6
2021,34,"NE","Pipiens",680,10
2021,34,"NE","Tarsalis",81,10
2021,34,"NW","Pipiens",24,9
2021,34,"NW","Tarsalis",36,9
2021,34,"SE","Pipiens",126,15
2021,34,"SE","Tarsalis",67,15
2021,34,"SW","Pipiens",19,9
2021,34,"SW","Tarsalis",17,9
2021,35,"BC","Pipiens",0,5
2021,35,"BC","Tarsalis",28,5
2021,35,"BE","Pipiens",34,5
2021,35,"BE","Tarsalis",44,5
2021,35,"FC","Pipiens",673,43
2021,35,"FC","Tarsalis",186,43
2021,35,"LV","Pipiens",44,6
2021,35,"LV","Tarsalis",75,6
2021,35,"NE","Pipiens",358,10
2021,35,"NE","Tarsalis",30,10
2021,35,"NW","Pipiens",22,9
2021,35,"NW","Tarsalis",25,9
2021,35,"SE","Pipiens",267,15
2021,35,"SE","Tarsalis",116,15
2021,35,"SW","Pipiens",26,9
2021,35,"SW","Tarsalis",15,9
2021,36,"BC","Pipiens",0,5
2021,36,"BC","Tarsalis",26,5
2021,36,"FC","Pipiens",1038,43
2021,36,"FC","Tarsalis",36,43
2021,36,"LV","Pipiens",1,6
2021,36,"LV","Tarsalis",8,6
2021,36,"NE","Pipiens",665,10
2021,36,"NE","Tarsalis",14,10
2021,36,"NW","Pipiens",15,9
2021,36,"NW","Tarsalis",5,9
2021,36,"SE","Pipiens",340,15
2021,36,"SE","Tarsalis",10,15
2021,36,"SW","Pipiens",18,9
2021,36,"SW","Tarsalis",7,9
2022,23,"BE","Pipiens",0,5
2022,23,"BE","Tarsalis",42,5
2022,23,"FC","Pipiens",8,43
2022,23,"FC","Tarsalis",175,43
2022,23,"LV","Pipiens",2,6
2022,23,"LV","Tarsalis",51,6
2022,23,"NE","Pipiens",0,10
2022,23,"NE","Tarsalis",59,10
2022,23,"NW","Pipiens",2,9
2022,23,"NW","Tarsalis",14,9
2022,23,"SE","Pipiens",4,15
2022,23,"SE","Tarsalis",83,15
2022,23,"SW","Pipiens",2,9
2022,23,"SW","Tarsalis",19,9
2022,24,"BC","Pipiens",0,5
2022,24,"BC","Tarsalis",73,5
2022,24,"BE","Pipiens",3,5
2022,24,"BE","Tarsalis",57,5
2022,24,"FC","Pipiens",29,43
2022,24,"FC","Tarsalis",301,43
2022,24,"LV","Pipiens",3,6
2022,24,"LV","Tarsalis",118,6
2022,24,"NE","Pipiens",7,10
2022,24,"NE","Tarsalis",127,10
2022,24,"NW","Pipiens",13,9
2022,24,"NW","Tarsalis",69,9
2022,24,"SE","Pipiens",4,15
2022,24,"SE","Tarsalis",81,15
2022,24,"SW","Pipiens",5,9
2022,24,"SW","Tarsalis",24,9
2022,25,"BC","Pipiens",0,5
2022,25,"BC","Tarsalis",73,5
2022,25,"BE","Pipiens",1,5
2022,25,"BE","Tarsalis",33,5
2022,25,"FC","Pipiens",56,43
2022,25,"FC","Tarsalis",347,43
2022,25,"LV","Pipiens",0,6
2022,25,"LV","Tarsalis",82,6
2022,25,"NE","Pipiens",39,10
2022,25,"NE","Tarsalis",171,10
2022,25,"NW","Pipiens",7,9
2022,25,"NW","Tarsalis",18,9
2022,25,"SE","Pipiens",8,15
2022,25,"SE","Tarsalis",138,15
2022,25,"SW","Pipiens",2,9
2022,25,"SW","Tarsalis",20,9
2022,26,"BC","Pipiens",0,5
2022,26,"BC","Tarsalis",82,5
2022,26,"BE","Pipiens",11,5
2022,26,"BE","Tarsalis",238,5
2022,26,"FC","Pipiens",114,43
2022,26,"FC","Tarsalis",502,43
2022,26,"LV","Pipiens",26,6
2022,26,"LV","Tarsalis",305,6
2022,26,"NE","Pipiens",32,10
2022,26,"NE","Tarsalis",85,10
2022,26,"NW","Pipiens",31,9
2022,26,"NW","Tarsalis",34,9
2022,26,"SE","Pipiens",50,15
2022,26,"SE","Tarsalis",371,15
2022,26,"SW","Pipiens",1,9
2022,26,"SW","Tarsalis",12,9
2022,27,"BC","Pipiens",0,5
2022,27,"BC","Tarsalis",189,5
2022,27,"BE","Pipiens",4,5
2022,27,"BE","Tarsalis",176,5
2022,27,"FC","Pipiens",264,43
2022,27,"FC","Tarsalis",1945,43
2022,27,"LV","Pipiens",7,6
2022,27,"LV","Tarsalis",451,6
2022,27,"NE","Pipiens",195,10
2022,27,"NE","Tarsalis",357,10
2022,27,"NW","Pipiens",27,9
2022,27,"NW","Tarsalis",72,9
2022,27,"SE","Pipiens",36,15
2022,27,"SE","Tarsalis",1405,15
2022,27,"SW","Pipiens",6,9
2022,27,"SW","Tarsalis",111,9
2022,28,"BC","Pipiens",0,5
2022,28,"BC","Tarsalis",175,5
2022,28,"BE","Pipiens",5,5
2022,28,"BE","Tarsalis",141,5
2022,28,"FC","Pipiens",386,43
2022,28,"FC","Tarsalis",3823,43
2022,28,"LV","Pipiens",20,6
2022,28,"LV","Tarsalis",809,6
2022,28,"NE","Pipiens",297,10
2022,28,"NE","Tarsalis",1398,10
2022,28,"NW","Pipiens",21,9
2022,28,"NW","Tarsalis",445,9
2022,28,"SE","Pipiens",59,15
2022,28,"SE","Tarsalis",1533,15
2022,28,"SW","Pipiens",9,9
2022,28,"SW","Tarsalis",447,9
2022,29,"BC","Pipiens",0,5
2022,29,"BC","Tarsalis",169,5
2022,29,"BE","Pipiens",12,5
2022,29,"BE","Tarsalis",467,5
2022,29,"FC","Pipiens",543,43
2022,29,"FC","Tarsalis",3800,43
2022,29,"LV","Pipiens",48,6
2022,29,"LV","Tarsalis",866,6
2022,29,"NE","Pipiens",389,10
2022,29,"NE","Tarsalis",1364,10
2022,29,"NW","Pipiens",50,9
2022,29,"NW","Tarsalis",427,9
2022,29,"SE","Pipiens",69,15
2022,29,"SE","Tarsalis",1578,15
2022,29,"SW","Pipiens",35,9
2022,29,"SW","Tarsalis",431,9
2022,30,"BC","Pipiens",0,5
2022,30,"BC","Tarsalis",145,5
2022,30,"BE","Pipiens",12,5
2022,30,"BE","Tarsalis",147,5
2022,30,"FC","Pipiens",941,43
2022,30,"FC","Tarsalis",1564,43
2022,30,"LV","Pipiens",209,6
2022,30,"LV","Tarsalis",737,6
2022,30,"NE","Pipiens",676,10
2022,30,"NE","Tarsalis",479,10
2022,30,"NW","Pipiens",61,9
2022,30,"NW","Tarsalis",204,9
2022,30,"SE","Pipiens",184,15
2022,30,"SE","Tarsalis",698,15
2022,30,"SW","Pipiens",20,9
2022,30,"SW","Tarsalis",183,9
2022,31,"BC","Pipiens",0,5
2022,31,"BC","Tarsalis",136,5
2022,31,"BE","Pipiens",26,5
2022,31,"BE","Tarsalis",293,5
2022,31,"FC","Pipiens",839,43
2022,31,"FC","Tarsalis",1669,43
2022,31,"LV","Pipiens",111,6
2022,31,"LV","Tarsalis",781,6
2022,31,"NE","Pipiens",451,10
2022,31,"NE","Tarsalis",633,10
2022,31,"NW","Pipiens",63,9
2022,31,"NW","Tarsalis",284,9
2022,31,"SE","Pipiens",268,15
2022,31,"SE","Tarsalis",550,15
2022,31,"SW","Pipiens",57,9
2022,31,"SW","Tarsalis",202,9
2022,32,"BC","Pipiens",0,5
2022,32,"BC","Tarsalis",91,5
2022,32,"BE","Pipiens",55,5
2022,32,"BE","Tarsalis",486,5
2022,32,"FC","Pipiens",1790,43
2022,32,"FC","Tarsalis",1930,43
2022,32,"LV","Pipiens",127,6
2022,32,"LV","Tarsalis",417,6
2022,32,"NE","Pipiens",1324,10
2022,32,"NE","Tarsalis",405,10
2022,32,"NW","Pipiens",55,9
2022,32,"NW","Tarsalis",233,9
2022,32,"SE","Pipiens",300,15
2022,32,"SE","Tarsalis",688,15
2022,32,"SW","Pipiens",111,9
2022,32,"SW","Tarsalis",604,9
2022,33,"BC","Pipiens",0,5
2022,33,"BC","Tarsalis",38,5
2022,33,"BE","Pipiens",39,5
2022,33,"BE","Tarsalis",110,5
2022,33,"FC","Pipiens",1791,43
2022,33,"FC","Tarsalis",1918,43
2022,33,"LV","Pipiens",106,6
2022,33,"LV","Tarsalis",137,6
2022,33,"NE","Pipiens",955,10
2022,33,"NE","Tarsalis",787,10
2022,33,"NW","Pipiens",100,9
2022,33,"NW","Tarsalis",156,9
2022,33,"SE","Pipiens",636,15
2022,33,"SE","Tarsalis",734,15
2022,33,"SW","Pipiens",100,9
2022,33,"SW","Tarsalis",241,9
2022,34,"BC","Pipiens",0,5
2022,34,"BC","Tarsalis",36,5
2022,34,"BE","Pipiens",43,5
2022,34,"BE","Tarsalis",145,5
2022,34,"FC","Pipiens",2168,43
2022,34,"FC","Tarsalis",1876,43
2022,34,"LV","Pipiens",227,6
2022,34,"LV","Tarsalis",429,6
2022,34,"NE","Pipiens",1480,10
2022,34,"NE","Tarsalis",732,10
2022,34,"NW","Pipiens",140,9
2022,34,"NW","Tarsalis",420,9
2022,34,"SE","Pipiens",407,15
2022,34,"SE","Tarsalis",463,15
2022,34,"SW","Pipiens",141,9
2022,34,"SW","Tarsalis",261,9
2022,35,"BC","Pipiens",23,4
2022,35,"BC","Tarsalis",10,4
2022,35,"BE","Pipiens",51,5
2022,35,"BE","Tarsalis",113,5
2022,35,"FC","Pipiens",899,43
2022,35,"FC","Tarsalis",569,43
2022,35,"LV","Pipiens",80,6
2022,35,"LV","Tarsalis",188,6
2022,35,"NE","Pipiens",302,10
2022,35,"NE","Tarsalis",110,10
2022,35,"NW","Pipiens",65,9
2022,35,"NW","Tarsalis",96,9
2022,35,"SE","Pipiens",460,15
2022,35,"SE","Tarsalis",264,15
2022,35,"SW","Pipiens",72,9
2022,35,"SW","Tarsalis",99,9
2022,36,"BC","Pipiens",7,4
2022,36,"BC","Tarsalis",13,4
2022,36,"FC","Pipiens",839,43
2022,36,"FC","Tarsalis",226,43
2022,36,"LV","Pipiens",96,6
2022,36,"LV","Tarsalis",76,6
2022,36,"NE","Pipiens",482,10
2022,36,"NE","Tarsalis",121,10
2022,36,"NW","Pipiens",31,9
2022,36,"NW","Tarsalis",25,9
2022,36,"SE","Pipiens",314,15
2022,36,"SE","Tarsalis",60,15
2022,36,"SW","Pipiens",12,9
2022,36,"SW","Tarsalis",20,9
2022,37,"BC","Pipiens",10,4
2022,37,"BC","Tarsalis",14,4
2022,37,"FC","Pipiens",1608,43
2022,37,"FC","Tarsalis",140,43
2022,37,"NE","Pipiens",1157,10
2022,37,"NE","Tarsalis",49,10
2022,37,"NW","Pipiens",31,9
2022,37,"NW","Tarsalis",11,9
2022,37,"SE","Pipiens",395,15
2022,37,"SE","Tarsalis",39,15
2022,37,"SW","Pipiens",25,9
2022,37,"SW","Tarsalis",41,9
2023,23,"BE","Pipiens",0,5
2023,23,"BE","Tarsalis",64,5
2023,23,"FC","Pipiens",46,43
2023,23,"FC","Tarsalis",168,43
2023,23,"LV","Pipiens",5,6
2023,23,"LV","Tarsalis",152,6
2023,23,"NE","Pipiens",3,10
2023,23,"NE","Tarsalis",7,10
2023,23,"NW","Pipiens",15,9
2023,23,"NW","Tarsalis",37,9
2023,23,"SE","Pipiens",12,15
2023,23,"SE","Tarsalis",73,15
2023,23,"SW","Pipiens",16,9
2023,23,"SW","Tarsalis",51,9
2023,24,"BE","Pipiens",4,5
2023,24,"BE","Tarsalis",54,5
2023,24,"FC","Pipiens",58,43
2023,24,"FC","Tarsalis",202,43
2023,24,"LV","Pipiens",7,6
2023,24,"LV","Tarsalis",185,6
2023,24,"NE","Pipiens",7,10
2023,24,"NE","Tarsalis",20,10
2023,24,"NW","Pipiens",18,9
2023,24,"NW","Tarsalis",20,9
2023,24,"SE","Pipiens",22,15
2023,24,"SE","Tarsalis",113,15
2023,24,"SW","Pipiens",11,9
2023,24,"SW","Tarsalis",49,9
2023,25,"BC","Pipiens",0,5
2023,25,"BC","Tarsalis",120,5
2023,25,"BE","Pipiens",7,5
2023,25,"BE","Tarsalis",483,5
2023,25,"FC","Pipiens",99,43
2023,25,"FC","Tarsalis",711,43
2023,25,"LV","Pipiens",10,6
2023,25,"LV","Tarsalis",561,6
2023,25,"NE","Pipiens",21,10
2023,25,"NE","Tarsalis",126,10
2023,25,"NW","Pipiens",45,9
2023,25,"NW","Tarsalis",123,9
2023,25,"SE","Pipiens",19,15
2023,25,"SE","Tarsalis",419,15
2023,25,"SW","Pipiens",14,9
2023,25,"SW","Tarsalis",43,9
2023,26,"BC","Pipiens",0,5
2023,26,"BC","Tarsalis",225,5
2023,26,"BE","Pipiens",5,5
2023,26,"BE","Tarsalis",617,5
2023,26,"FC","Pipiens",254,43
2023,26,"FC","Tarsalis",6383,43
2023,26,"LV","Pipiens",21,6
2023,26,"LV","Tarsalis",1759,6
2023,26,"NE","Pipiens",100,10
2023,26,"NE","Tarsalis",1185,10
2023,26,"NW","Pipiens",28,9
2023,26,"NW","Tarsalis",1147,9
2023,26,"SE","Pipiens",80,15
2023,26,"SE","Tarsalis",3263,15
2023,26,"SW","Pipiens",46,9
2023,26,"SW","Tarsalis",788,9
2023,27,"BC","Pipiens",0,5
2023,27,"BC","Tarsalis",343,5
2023,27,"BE","Pipiens",6,5
2023,27,"BE","Tarsalis",700,5
2023,27,"FC","Pipiens",301,43
2023,27,"FC","Tarsalis",7651,43
2023,27,"LV","Pipiens",101,6
2023,27,"LV","Tarsalis",3233,6
2023,27,"NE","Pipiens",109,10
2023,27,"NE","Tarsalis",1934,10
2023,27,"NW","Pipiens",72,9
2023,27,"NW","Tarsalis",197,9
2023,27,"SE","Pipiens",100,15
2023,27,"SE","Tarsalis",5319,15
2023,27,"SW","Pipiens",20,9
2023,27,"SW","Tarsalis",201,9
2023,28,"BC","Pipiens",0,6
2023,28,"BC","Tarsalis",294,6
2023,28,"BE","Pipiens",55,5
2023,28,"BE","Tarsalis",703,5
2023,28,"FC","Pipiens",694,43
2023,28,"FC","Tarsalis",11087,43
2023,28,"LV","Pipiens",43,6
2023,28,"LV","Tarsalis",807,6
2023,28,"NE","Pipiens",222,10
2023,28,"NE","Tarsalis",1061,10
2023,28,"NW","Pipiens",123,9
2023,28,"NW","Tarsalis",1567,9
2023,28,"SE","Pipiens",298,15
2023,28,"SE","Tarsalis",6287,15
2023,28,"SW","Pipiens",51,9
2023,28,"SW","Tarsalis",2172,9
2023,29,"BC","Pipiens",49,5
2023,29,"BC","Tarsalis",245,5
2023,29,"BE","Pipiens",31,5
2023,29,"BE","Tarsalis",722,5
2023,29,"FC","Pipiens",694,43
2023,29,"FC","Tarsalis",15578,43
2023,29,"LV","Pipiens",20,6
2023,29,"LV","Tarsalis",900,6
2023,29,"NE","Pipiens",265,10
2023,29,"NE","Tarsalis",4469,10
2023,29,"NW","Pipiens",158,9
2023,29,"NW","Tarsalis",2276,9
2023,29,"SE","Pipiens",134,15
2023,29,"SE","Tarsalis",6774,15
2023,29,"SW","Pipiens",137,9
2023,29,"SW","Tarsalis",2059,9
2023,30,"BC","Pipiens",0,6
2023,30,"BC","Tarsalis",294,6
2023,30,"BE","Pipiens",24,5
2023,30,"BE","Tarsalis",416,5
2023,30,"FC","Pipiens",678,43
2023,30,"FC","Tarsalis",5597,43
2023,30,"LV","Pipiens",18,6
2023,30,"LV","Tarsalis",690,6
2023,30,"NE","Pipiens",504,10
2023,30,"NE","Tarsalis",2769,10
2023,30,"NW","Pipiens",62,9
2023,30,"NW","Tarsalis",685,9
2023,30,"SE","Pipiens",80,15
2023,30,"SE","Tarsalis",1264,15
2023,30,"SW","Pipiens",32,9
2023,30,"SW","Tarsalis",879,9
2023,31,"BC","Pipiens",0,6
2023,31,"BC","Tarsalis",282,6
2023,31,"BE","Pipiens",49,5
2023,31,"BE","Tarsalis",210,5
2023,31,"FC","Pipiens",332,43
2023,31,"FC","Tarsalis",2629,43
2023,31,"LV","Pipiens",25,6
2023,31,"LV","Tarsalis",585,6
2023,31,"NE","Pipiens",91,10
2023,31,"NE","Tarsalis",179,10
2023,31,"NW","Pipiens",31,9
2023,31,"NW","Tarsalis",233,9
2023,31,"SE","Pipiens",176,15
2023,31,"SE","Tarsalis",2032,15
2023,31,"SW","Pipiens",34,9
2023,31,"SW","Tarsalis",185,9
2023,32,"BC","Pipiens",0,5
2023,32,"BC","Tarsalis",237,5
2023,32,"BE","Pipiens",50,5
2023,32,"BE","Tarsalis",540,5
2023,32,"FC","Pipiens",331,43
2023,32,"FC","Tarsalis",1002,43
2023,32,"LV","Pipiens",146,6
2023,32,"LV","Tarsalis",481,6
2023,32,"NE","Pipiens",157,10
2023,32,"NE","Tarsalis",210,10
2023,32,"NW","Pipiens",55,9
2023,32,"NW","Tarsalis",163,9
2023,32,"SE","Pipiens",91,15
2023,32,"SE","Tarsalis",470,15
2023,32,"SW","Pipiens",28,9
2023,32,"SW","Tarsalis",159,9
2023,33,"BC","Pipiens",0,5
2023,33,"BC","Tarsalis",181,5
2023,33,"BE","Pipiens",80,5
2023,33,"BE","Tarsalis",257,5
2023,33,"FC","Pipiens",390,43
2023,33,"FC","Tarsalis",745,43
2023,33,"LV","Pipiens",116,6
2023,33,"LV","Tarsalis",500,6
2023,33,"NE","Pipiens",199,10
2023,33,"NE","Tarsalis",205,10
2023,33,"NW","Pipiens",60,9
2023,33,"NW","Tarsalis",135,9
2023,33,"SE","Pipiens",34,15
2023,33,"SE","Tarsalis",118,15
2023,33,"SW","Pipiens",97,9
2023,33,"SW","Tarsalis",287,9
2023,34,"BC","Pipiens",0,5
2023,34,"BC","Tarsalis",211,5
2023,34,"BE","Pipiens",71,5
2023,34,"BE","Tarsalis",238,5
2023,34,"FC","Pipiens",325,43
2023,34,"FC","Tarsalis",1053,43
2023,34,"LV","Pipiens",139,6
2023,34,"LV","Tarsalis",344,6
2023,34,"NE","Pipiens",67,10
2023,34,"NE","Tarsalis",131,10
2023,34,"NW","Pipiens",58,9
2023,34,"NW","Tarsalis",129,9
2023,34,"SE","Pipiens",127,15
2023,34,"SE","Tarsalis",585,15
2023,34,"SW","Pipiens",73,9
2023,34,"SW","Tarsalis",208,9
2023,35,"BC","Pipiens",30,5
2023,35,"BC","Tarsalis",25,5
2023,35,"BE","Pipiens",53,5
2023,35,"BE","Tarsalis",75,5
2023,35,"FC","Pipiens",267,43
2023,35,"FC","Tarsalis",199,43
2023,35,"LV","Pipiens",110,6
2023,35,"LV","Tarsalis",242,6
2023,35,"NE","Pipiens",164,10
2023,35,"NE","Tarsalis",67,10
2023,35,"NW","Pipiens",51,9
2023,35,"NW","Tarsalis",49,9
2023,35,"SE","Pipiens",42,15
2023,35,"SE","Tarsalis",48,15
2023,35,"SW","Pipiens",10,9
2023,35,"SW","Tarsalis",35,9
2023,36,"BC","Pipiens",0,5
2023,36,"BC","Tarsalis",13,5
2023,36,"FC","Pipiens",314,43
2023,36,"FC","Tarsalis",71,43
2023,36,"LV","Pipiens",55,6
2023,36,"LV","Tarsalis",46,6
2023,36,"NE","Pipiens",204,10
2023,36,"NE","Tarsalis",22,10
2023,36,"NW","Pipiens",4,9
2023,36,"NW","Tarsalis",5,9
2023,36,"SE","Pipiens",73,15
2023,36,"SE","Tarsalis",30,15
2023,36,"SW","Pipiens",33,9
2023,36,"SW","Tarsalis",14,9
2023,37,"FC","Pipiens",439,43
2023,37,"FC","Tarsalis",23,43
2023,37,"NE","Pipiens",312,10
2023,37,"NE","Tarsalis",11,10
2023,37,"NW","Pipiens",14,9
2023,37,"NW","Tarsalis",0,9
2023,37,"SE","Pipiens",101,15
2023,37,"SE","Tarsalis",8,15
2023,37,"SW","Pipiens",12,9
2023,37,"SW","Tarsalis",4,9
2024,23,"BE","Pipiens",1,5
2024,23,"BE","Tarsalis",5,5
2024,23,"FC","Pipiens",13,42
2024,23,"FC","Tarsalis",81,42
2024,23,"LV","Pipiens",0,6
2024,23,"LV","Tarsalis",53,6
2024,23,"NE","Pipiens",5,10
2024,23,"NE","Tarsalis",25,10
2024,23,"NW","Pipiens",4,9
2024,23,"NW","Tarsalis",11,9
2024,23,"SE","Pipiens",1,14
2024,23,"SE","Tarsalis",24,14
2024,23,"SW","Pipiens",3,9
2024,23,"SW","Tarsalis",21,9
2024,24,"BE","Pipiens",1,10
2024,24,"BE","Tarsalis",75,10
2024,24,"FC","Pipiens",17,43
2024,24,"FC","Tarsalis",62,43
2024,24,"LV","Pipiens",1,6
2024,24,"LV","Tarsalis",31,6
2024,24,"NE","Pipiens",1,10
2024,24,"NE","Tarsalis",18,10
2024,24,"NW","Pipiens",7,9
2024,24,"NW","Tarsalis",8,9
2024,24,"SE","Pipiens",4,15
2024,24,"SE","Tarsalis",29,15
2024,24,"SW","Pipiens",5,9
2024,24,"SW","Tarsalis",7,9
2024,25,"BE","Pipiens",5,10
2024,25,"BE","Tarsalis",165,10
2024,25,"FC","Pipiens",38,41
2024,25,"FC","Tarsalis",261,41
2024,25,"LV","Pipiens",2,6
2024,25,"LV","Tarsalis",98,6
2024,25,"NE","Pipiens",14,9
2024,25,"NE","Tarsalis",120,9
2024,25,"NW","Pipiens",18,8
2024,25,"NW","Tarsalis",34,8
2024,25,"SE","Pipiens",1,15
2024,25,"SE","Tarsalis",96,15
2024,25,"SW","Pipiens",5,9
2024,25,"SW","Tarsalis",11,9
2024,26,"BC","Pipiens",0,5
2024,26,"BC","Tarsalis",100,5
2024,26,"BE","Pipiens",19,10
2024,26,"BE","Tarsalis",500,10
2024,26,"FC","Pipiens",83,42
2024,26,"FC","Tarsalis",536,42
2024,26,"LV","Pipiens",8,6
2024,26,"LV","Tarsalis",198,6
2024,26,"NE","Pipiens",26,10
2024,26,"NE","Tarsalis",264,10
2024,26,"NW","Pipiens",26,8
2024,26,"NW","Tarsalis",42,8
2024,26,"SE","Pipiens",22,15
2024,26,"SE","Tarsalis",212,15
2024,26,"SW","Pipiens",9,9
2024,26,"SW","Tarsalis",18,9
2024,27,"BC","Pipiens",0,5
2024,27,"BC","Tarsalis",123,5
2024,27,"BE","Pipiens",35,10
2024,27,"BE","Tarsalis",530,10
2024,27,"FC","Pipiens",95,43
2024,27,"FC","Tarsalis",335,43
2024,27,"LV","Pipiens",7,6
2024,27,"LV","Tarsalis",183,6
2024,27,"NE","Pipiens",36,10
2024,27,"NE","Tarsalis",167,10
2024,27,"NW","Pipiens",32,9
2024,27,"NW","Tarsalis",30,9
2024,27,"SE","Pipiens",21,15
2024,27,"SE","Tarsalis",127,15
2024,27,"SW","Pipiens",6,9
2024,27,"SW","Tarsalis",11,9
2024,28,"BC","Pipiens",0,5
2024,28,"BC","Tarsalis",225,5
2024,28,"BE","Pipiens",49,10
2024,28,"BE","Tarsalis",532,10
2024,28,"FC","Pipiens",247,42
2024,28,"FC","Tarsalis",612,42
2024,28,"LV","Pipiens",23,6
2024,28,"LV","Tarsalis",283,6
2024,28,"NE","Pipiens",60,10
2024,28,"NE","Tarsalis",145,10
2024,28,"NW","Pipiens",82,9
2024,28,"NW","Tarsalis",96,9
2024,28,"SE","Pipiens",82,15
2024,28,"SE","Tarsalis",305,15
2024,28,"SW","Pipiens",23,8
2024,28,"SW","Tarsalis",66,8
2024,29,"BC","Pipiens",0,5
2024,29,"BC","Tarsalis",245,5
2024,29,"BE","Pipiens",66,10
2024,29,"BE","Tarsalis",1069,10
2024,29,"FC","Pipiens",238,42
2024,29,"FC","Tarsalis",725,42
2024,29,"LV","Pipiens",2,6
2024,29,"LV","Tarsalis",127,6
2024,29,"NE","Pipiens",67,9
2024,29,"NE","Tarsalis",289,9
2024,29,"NW","Pipiens",94,9
2024,29,"NW","Tarsalis",138,9
2024,29,"SE","Pipiens",62,15
2024,29,"SE","Tarsalis",269,15
2024,29,"SW","Pipiens",15,9
2024,29,"SW","Tarsalis",29,9
2024,30,"BC","Pipiens",0,5
2024,30,"BC","Tarsalis",245,5
2024,30,"BE","Pipiens",59,10
2024,30,"BE","Tarsalis",848,10
2024,30,"FC","Pipiens",383,43
2024,30,"FC","Tarsalis",398,43
2024,30,"LV","Pipiens",22,6
2024,30,"LV","Tarsalis",314,6
2024,30,"NE","Pipiens",49,10
2024,30,"NE","Tarsalis",72,10
2024,30,"NW","Pipiens",178,9
2024,30,"NW","Tarsalis",59,9
2024,30,"SE","Pipiens",129,15
2024,30,"SE","Tarsalis",235,15
2024,30,"SW","Pipiens",27,9
2024,30,"SW","Tarsalis",32,9
2024,31,"BC","Pipiens",0,5
2024,31,"BC","Tarsalis",245,5
2024,31,"BE","Pipiens",110,10
2024,31,"BE","Tarsalis",1084,10
2024,31,"FC","Pipiens",228,43
2024,31,"FC","Tarsalis",989,43
2024,31,"LV","Pipiens",14,6
2024,31,"LV","Tarsalis",263,6
2024,31,"NE","Pipiens",61,10
2024,31,"NE","Tarsalis",233,10
2024,31,"NW","Pipiens",55,9
2024,31,"NW","Tarsalis",123,9
2024,31,"SE","Pipiens",88,15
2024,31,"SE","Tarsalis",560,15
2024,31,"SW","Pipiens",24,9
2024,31,"SW","Tarsalis",73,9
2024,32,"BC","Pipiens",0,5
2024,32,"BC","Tarsalis",172,5
2024,32,"BE","Pipiens",88,10
2024,32,"BE","Tarsalis",560,10
2024,32,"FC","Pipiens",359,41
2024,32,"FC","Tarsalis",681,41
2024,32,"LV","Pipiens",16,6
2024,32,"LV","Tarsalis",303,6
2024,32,"NE","Pipiens",82,10
2024,32,"NE","Tarsalis",279,10
2024,32,"NW","Pipiens",114,8
2024,32,"NW","Tarsalis",124,8
2024,32,"SE","Pipiens",123,15
2024,32,"SE","Tarsalis",223,15
2024,32,"SW","Pipiens",40,8
2024,32,"SW","Tarsalis",55,8
2024,33,"BC","Pipiens",0,5
2024,33,"BC","Tarsalis",136,5
2024,33,"BE","Pipiens",97,10
2024,33,"BE","Tarsalis",376,10
2024,33,"FC","Pipiens",211,43
2024,33,"FC","Tarsalis",601,43
2024,33,"LV","Pipiens",31,6
2024,33,"LV","Tarsalis",249,6
2024,33,"NE","Pipiens",85,10
2024,33,"NE","Tarsalis",232,10
2024,33,"NW","Pipiens",40,9
2024,33,"NW","Tarsalis",57,9
2024,33,"SE","Pipiens",69,15
2024,33,"SE","Tarsalis",271,15
2024,33,"SW","Pipiens",17,9
2024,33,"SW","Tarsalis",41,9
2024,34,"BC","Pipiens",0,5
2024,34,"BC","Tarsalis",53,5
2024,34,"BE","Pipiens",144,10
2024,34,"BE","Tarsalis",215,10
2024,34,"FC","Pipiens",256,42
2024,34,"FC","Tarsalis",411,42
2024,34,"LV","Pipiens",62,6
2024,34,"LV","Tarsalis",293,6
2024,34,"NE","Pipiens",73,10
2024,34,"NE","Tarsalis",160,10
2024,34,"NW","Pipiens",37,9
2024,34,"NW","Tarsalis",40,9
2024,34,"SE","Pipiens",122,14
2024,34,"SE","Tarsalis",163,14
2024,34,"SW","Pipiens",24,9
2024,34,"SW","Tarsalis",48,9
2024,35,"BC","Pipiens",15,3
2024,35,"BC","Tarsalis",20,3
2024,35,"BE","Pipiens",52,10
2024,35,"BE","Tarsalis",63,10
2024,35,"FC","Pipiens",277,43
2024,35,"FC","Tarsalis",276,43
2024,35,"LV","Pipiens",52,6
2024,35,"LV","Tarsalis",81,6
2024,35,"NE","Pipiens",70,10
2024,35,"NE","Tarsalis",40,10
2024,35,"NW","Pipiens",61,9
2024,35,"NW","Tarsalis",29,9
2024,35,"SE","Pipiens",113,15
2024,35,"SE","Tarsalis",163,15
2024,35,"SW","Pipiens",33,9
2024,35,"SW","Tarsalis",44,9
2024,36,"BC","Pipiens",12,4
2024,36,"BC","Tarsalis",24,4
2024,36,"FC","Pipiens",255,43
2024,36,"FC","Tarsalis",111,43
2024,36,"NE","Pipiens",134,10
2024,36,"NE","Tarsalis",43,10
2024,36,"NW","Pipiens",26,9
2024,36,"NW","Tarsalis",7,9
2024,36,"SE","Pipiens",81,15
2024,36,"SE","Tarsalis",55,15
2024,36,"SW","Pipiens",14,9
2024,36,"SW","Tarsalis",6,9
2024,37,"BC","Pipiens",19,3
2024,37,"BC","Tarsalis",5,3
2024,37,"FC","Pipiens",193,43
2024,37,"FC","Tarsalis",67,43
2024,37,"NE","Pipiens",111,10
2024,37,"NE","Tarsalis",25,10
2024,37,"NW","Pipiens",37,9
2024,37,"NW","Tarsalis",5,9
2024,37,"SE","Pipiens",39,15
2024,37,"SE","Tarsalis",31,15
2024,37,"SW","Pipiens",6,9
2024,37,"SW","Tarsalis",6,9
